{
  "load_mean": -1.2404287157855232e-06,
  "load_std": 0.014333958160494596,
  "load_min": -0.3131279349350046,
  "load_max": 0.30113570241371995,
  "response_mean": -2.4571211234015264e-05,
  "response_std": 0.037996468539301255,
  "response_min": -0.5088451247266321,
  "response_max": 0.5888118465147449,
  "scale_ratio": 2.6508008544368584
}